{"cameraMode":{"drawMode":0,"name":"Shaded","section":"Shading Mode"},"sceneLighting":true,"audioPlay":false,"sceneViewState":{"showFog":true,"showMaterialUpdate":false,"showSkybox":true,"showFlares":true,"showImageEffects":true,"showParticleSystems":true},"in2DMode":false,"pivot":{"x":-4.977138519287109,"y":0.2256460189819336,"z":-1.9693841934204102},"rotation":{"x":0.058787088841199878,"y":-0.8489718437194824,"z":0.09668595343828201,"w":0.5161922574043274},"size":10.0,"orthographic":true}