{"cameraMode":{"drawMode":0,"name":"Shaded","section":"Shading Mode"},"sceneLighting":true,"audioPlay":false,"sceneViewState":{"showFog":true,"showMaterialUpdate":false,"showSkybox":true,"showFlares":true,"showImageEffects":true,"showParticleSystems":true},"in2DMode":false,"pivot":{"x":20.070087432861329,"y":-3.401608943939209,"z":-2.8057782649993898},"rotation":{"x":-0.09345273673534394,"y":-0.7696227431297302,"z":0.11585386842489243,"w":-0.6209532618522644},"size":17.37523651123047,"orthographic":false}