{"cameraMode":{"drawMode":0,"name":"Shaded","section":"Shading Mode"},"sceneLighting":true,"audioPlay":false,"sceneViewState":{"showFog":true,"showMaterialUpdate":false,"showSkybox":true,"showFlares":true,"showImageEffects":true,"showParticleSystems":true},"in2DMode":false,"pivot":{"x":-3.167145252227783,"y":-13.387648582458496,"z":56.95073699951172},"rotation":{"x":-0.1294979304075241,"y":0.024383945390582086,"z":-0.0031559725757688286,"w":-0.9913090467453003},"size":33.35445022583008,"orthographic":false}