{"cameraMode":{"drawMode":0,"name":"Shaded","section":"Shading Mode"},"sceneLighting":true,"audioPlay":false,"sceneViewState":{"showFog":true,"showMaterialUpdate":false,"showSkybox":true,"showFlares":true,"showImageEffects":true,"showParticleSystems":true},"in2DMode":false,"pivot":{"x":-7.420000076293945,"y":1.7799999713897706,"z":-10.0},"rotation":{"x":0.024961555376648904,"y":0.9749479293823242,"z":-0.1632433980703354,"w":0.14914235472679139},"size":2.7548274993896486,"orthographic":true}